﻿facility;greenhouse_gas_emission_sources_under_management;current_status_of_management_tools;responsible_person;contact_information
HOJEON LIMITED Co., Ltd;"Scope 1: Vehicles (Mobile Combustion)
Scope 2: Electricity, Water Supply";Other (Insert a note if 'Other' is selected);박달원 부장, 이소영 과장;dwpark1@hojeon.co.kr , sylee4@hojeon.co.kr
KAHOINDAH CITRAGARMENT;Scope 1  + Scope 2;Other (Insert a note if 'Other' is selected);MS. REZA;reza@kaho.co.id
PT. YONGJIN JAVASUKA GARMENT (1공장);Scope 1  + Scope 2;Other (Insert a note if 'Other' is selected);MS. ANITA;anita@yongjin.co.id
PT. YONGJIN JAVASUKA GARMENT (2,3공장);;;;
PT. HJL INDO NETWORKS;Scope 1 + Scope 2 (Didn't managed);Other (Insert a note if 'Other' is selected);Mr. Fahmi;fahmi@hjl.co.id
PT.HOGA REKSA GARMENT;Scope 1 + Scope 2;Other (Insert a note if 'Other' is selected);mr. Andri;andri@hoga.co.id
MFAFA Co., Ltd; Scope 2 : Electricty, Water supply;Other (Insert a note if 'Other' is selected);박달원 부장, 이소영 과장;dwpark1@hojeon.co.kr , sylee4@hojeon.co.kr
